Talker,Noise,f0_median
AS1,NC,206.58
AS1,NC,222.94
AS1,NC,190.56
AS1,NC,217.24
AS1,NC,215.46
AS1,NC,196.46
AS1,NC,217.7
AS1,NC,255.64
AS1,NC,191.37
AS1,NC,204.4
AS1,NC,234.29
AS1,NC,179.84
AS1,NC,222.75
AS1,NC,213.27
AS1,NC,195.98
AS1,NC,213.98
AS1,NC,210.07
AS1,NC,208.68
AS1,NC,203.96
AS1,NC,195.56
AS1,NC,201.34
AS1,NC,185.27
AS1,NC,206.98
AS1,NC,192.82
AS1,NC,210.06
AS1,NC,180.0
AS1,NC,213.29
AS1,NC,212.07
AS1,NC,189.4
AS1,NC,209.17
AS1,NC,189.64
AS1,NC,187.87
AS1,NC,205.52
AS1,NC,214.65
AS1,NC,189.78
AS1,NC,208.9
AS1,NC,191.49
AS1,NC,224.15
AS1,NC,215.18
AS1,NC,192.03
AS1,NC,214.62
AS1,NC,192.87
AS1,NC,202.03
AS1,NC,205.6
AS1,NC,195.73
AS1,NC,203.19
AS1,NC,181.74
AS1,NC,213.12
AS1,NC,196.82
AS1,NC,184.32
AS1,NC,215.29
AS1,NC,211.41
AS1,NC,205.7
AS1,NC,188.54
AS1,NC,194.07
AS1,NC,200.53
AS1,NC,210.04
AS1,NC,188.66
AS1,NC,204.7
AS1,NC,194.72
AS1,NC,204.3
AS1,NC,204.24
AS1,NC,230.12
AS1,NC,200.78
AS1,NC,223.1
AS1,NC,191.34
AS1,NC,204.0
AS1,NC,205.18
AS1,NC,209.0
AS1,NC,206.0
AS1,NC,209.48
AS1,NC,210.77
AS1,NC,201.09
AS1,NC,187.02
AS1,NC,185.36
AS1,NC,201.93
AS1,NC,205.22
AS1,NC,188.62
AS1,NC,222.12
AS1,NC,190.16
AS1,NC,224.59
AS1,NC,201.29
AS1,NC,217.73
AS1,NC,187.36
AS1,NC,208.76
AS1,NC,209.32
AS1,NC,197.66
AS1,NC,223.48
AS1,NC,213.61
AS1,NC,194.74
AS1,NC,219.37
AS1,NC,221.49
AS1,NC,217.66
AS1,NC,228.83
AS1,NC,219.4
AS1,NC,210.59
AS1,NC,220.44
AS1,NC,214.7
AS1,NC,205.59
AS1,NC,217.13
AS1,NC,209.5
AS1,NC,227.68
AS1,NC,209.6
AS1,NC,240.84
AS1,NC,225.98
AS1,NC,197.59
AS1,NC,209.33
AS1,NC,217.0
AS1,NC,198.83
AS1,NC,205.12
AS1,NC,216.58
AS1,NC,218.3
AS1,NC,217.74
AS1,NC,241.15
AS1,NC,207.26
AS1,NC,236.68
AS1,NC,213.6
AS1,NC,192.48
AS1,NC,227.62
AS1,NC,203.68
AS1,NC,192.0
AS1,NC,212.14
AS1,NC,210.4
AS1,NC,193.03
AS1,NC,200.17
AS1,NC,214.59
AS1,NC,180.86
AS1,NC,204.02
AS1,NC,199.75
AS1,NC,211.98
AS1,NC,218.21
AS1,NC,204.15
AS1,NC,258.56
AS1,NC,192.56
AS1,NC,206.69
AS1,NC,211.55
AS1,NC,200.57
AS1,NC,203.89
AS1,NC,220.09
AS1,NC,210.07
AS1,NC,189.77
AS1,NC,183.95
AS1,NC,208.44
AS1,NC,201.27
AS1,NC,198.07
AS2,NC,125.52
AS2,NC,124.08
AS2,NC,134.39
AS2,NC,137.68
AS2,NC,146.49
AS2,NC,128.34
AS2,NC,125.6
AS2,NC,135.62
AS2,NC,130.52
AS2,NC,147.0
AS2,NC,138.12
AS2,NC,124.71
AS2,NC,112.86
AS2,NC,127.09
AS2,NC,114.99
AS2,NC,163.28
AS2,NC,120.79
AS2,NC,133.97
AS2,NC,158.24
AS2,NC,160.97
AS2,NC,136.15
AS2,NC,143.93
AS2,NC,116.01
AS2,NC,128.33
AS2,NC,125.96
AS2,NC,115.08
AS2,NC,127.02
AS2,NC,129.93
AS2,NC,114.71
AS2,NC,138.64
AS2,NC,118.65
AS2,NC,129.8
AS2,NC,127.08
AS2,NC,128.44
AS2,NC,115.93
AS2,NC,123.01
AS2,NC,114.31
AS2,NC,164.95
AS2,NC,120.21
AS2,NC,134.0
AS2,NC,132.82
AS2,NC,114.1
AS2,NC,155.51
AS2,NC,137.09
AS2,NC,122.44
AS2,NC,121.5
AS2,NC,135.31
AS2,NC,131.7
AS2,NC,134.09
AS2,NC,115.76
AS2,NC,129.34
AS2,NC,130.49
AS2,NC,127.55
AS2,NC,133.59
AS2,NC,129.05
AS2,NC,122.93
AS2,NC,127.1
AS2,NC,131.46
AS2,NC,141.44
AS2,NC,133.86
AS2,NC,126.07
AS2,NC,123.0
AS2,NC,121.56
AS2,NC,119.58
AS2,NC,125.91
AS2,NC,127.73
AS2,NC,121.59
AS2,NC,163.94
AS2,NC,128.07
AS2,NC,124.53
AS2,NC,124.59
AS2,NC,131.89
AS2,NC,131.48
AS2,NC,163.8
AS2,NC,123.72
AS2,NC,139.81
AS2,NC,123.16
AS2,NC,138.54
AS2,NC,159.37
AS2,NC,137.23
AS2,NC,137.78
AS2,NC,121.34
AS2,NC,120.72
AS2,NC,119.7
AS2,NC,126.2
AS2,NC,123.9
AS2,NC,167.16
AS2,NC,125.78
AS2,NC,123.84
AS2,NC,126.81
AS2,NC,147.1
AS2,NC,134.56
AS2,NC,123.37
AS2,NC,109.1
AS2,NC,154.89
AS2,NC,125.9
AS2,NC,131.3
AS2,NC,127.63
AS2,NC,121.57
AS2,NC,115.09
AS2,NC,133.12
AS2,NC,124.77
AS2,NC,111.84
AS2,NC,131.16
AS2,NC,122.32
AS2,NC,180.22
AS2,NC,128.79
AS2,NC,129.86
AS2,NC,133.27
AS2,NC,180.42
AS2,NC,134.62
AS2,NC,132.93
AS2,NC,142.51
AS2,NC,125.58
AS2,NC,120.57
AS2,NC,115.94
AS2,NC,122.26
AS2,NC,131.78
AS2,NC,133.08
AS2,NC,130.22
AS3,NC,175.61
AS3,NC,193.5
AS3,NC,198.08
AS3,NC,196.2
AS3,NC,205.9
AS3,NC,195.89
AS3,NC,204.38
AS3,NC,203.6
AS3,NC,178.12
AS3,NC,183.84
AS3,NC,179.33
AS3,NC,191.7
AS3,NC,194.56
AS3,NC,178.1
AS3,NC,195.52
AS3,NC,182.4
AS3,NC,164.76
AS3,NC,196.63
AS3,NC,179.53
AS3,NC,178.09
AS3,NC,200.31
AS3,NC,87.37
AS3,NC,192.98
AS3,NC,187.78
AS3,NC,196.25
AS3,NC,200.08
AS3,NC,176.24
AS3,NC,183.44
AS3,NC,179.7
AS3,NC,173.1
AS3,NC,170.74
AS3,NC,125.26
AS3,NC,157.73
AS3,NC,154.8
AS3,NC,201.5
AS3,NC,213.92
AS3,NC,216.12
AS3,NC,203.43
AS3,NC,184.71
AS3,NC,173.18
AS3,NC,197.21
AS3,NC,167.88
AS3,NC,183.66
AS3,NC,195.14
AS3,NC,173.95
AS3,NC,183.51
AS3,NC,195.42
AS3,NC,215.95
AS3,NC,189.53
AS3,NC,167.57
AS3,NC,218.07
AS3,NC,192.18
AS3,NC,162.02
AS3,NC,178.13
AS3,NC,171.3
AS3,NC,182.3
AS3,NC,181.92
AS3,NC,164.05
AS3,NC,185.21
AS3,NC,180.4
AS3,NC,178.56
AS3,NC,103.97
AS3,NC,200.97
AS3,NC,204.32
AS3,NC,186.5
AS3,NC,212.26
AS3,NC,196.32
AS3,NC,160.7
AS3,NC,179.88
AS3,NC,215.04
AS3,NC,198.74
AS3,NC,190.5
AS3,NC,205.94
AS3,NC,198.22
AS3,NC,192.94
AS3,NC,177.86
AS3,NC,110.56
AS3,NC,205.51
AS3,NC,171.25
AS3,NC,192.25
AS3,NC,191.18
AS3,NC,168.85
AS3,NC,180.36
AS3,NC,174.81
AS3,NC,226.6
AS3,NC,159.62
AS3,NC,185.36
AS3,NC,171.94
AS3,NC,218.88
AS3,NC,181.26
AS3,NC,167.69
AS3,NC,178.18
AS3,NC,188.88
AS3,NC,193.65
AS3,NC,176.65
AS3,NC,178.38
AS3,NC,180.78
AS3,NC,195.71
AS3,NC,177.32
AS3,NC,199.23
AS3,NC,170.64
AS3,NC,178.22
AS3,NC,167.93
AS3,NC,185.25
AS3,NC,198.78
AS3,NC,205.56
AS3,NC,165.01
AS3,NC,161.62
AS3,NC,185.79
AS3,NC,181.1
AS3,NC,204.79
AS3,NC,184.5
AS3,NC,192.2
AS3,NC,166.22
AS3,NC,196.25
AS3,NC,194.86
AS3,NC,205.81
AS3,NC,191.39
AS3,NC,207.98
AS3,NC,183.76
AS3,NC,183.56
AS3,NC,186.9
AS3,NC,168.73
AS3,NC,200.01
AS3,NC,179.04
AS3,NC,207.5
AS3,NC,172.77
AS3,NC,170.45
AS3,NC,172.76
AS3,NC,166.89
AS3,NC,191.04
AS3,NC,182.46
AS3,NC,175.5
AS3,NC,196.35
AS3,NC,177.1
AS3,NC,169.71
AS3,NC,223.24
AS3,NC,158.92
AS3,NC,223.92
AS3,NC,186.15
AS3,NC,206.19
AS3,NC,233.96
AS3,NC,170.35
AS3,NC,197.7
AS3,NC,199.0
AS3,NC,167.21
AS3,NC,199.06
AS4,NC,247.61
AS4,NC,206.72
AS4,NC,241.45
AS4,NC,220.99
AS4,NC,244.5
AS4,NC,224.3
AS4,NC,222.7
AS4,NC,214.71
AS4,NC,237.9
AS4,NC,218.7
AS4,NC,218.44
AS4,NC,251.43
AS4,NC,227.45
AS4,NC,234.86
AS4,NC,213.97
AS4,NC,240.32
AS4,NC,238.43
AS4,NC,217.08
AS4,NC,227.19
AS4,NC,229.9
AS4,NC,234.73
AS4,NC,209.12
AS4,NC,220.43
AS4,NC,219.65
AS4,NC,194.71
AS4,NC,232.76
AS4,NC,240.38
AS4,NC,210.65
AS4,NC,203.51
AS4,NC,244.74
AS4,NC,208.35
AS4,NC,225.83
AS4,NC,248.91
AS4,NC,227.65
AS4,NC,218.02
AS4,NC,221.22
AS4,NC,211.91
AS4,NC,211.93
AS4,NC,216.32
AS4,NC,226.14
AS4,NC,216.43
AS4,NC,202.01
AS4,NC,221.0
AS4,NC,222.58
AS4,NC,223.88
AS4,NC,212.22
AS4,NC,217.42
AS4,NC,194.5
AS4,NC,211.46
AS4,NC,210.36
AS4,NC,226.13
AS4,NC,215.14
AS4,NC,218.96
AS4,NC,189.46
AS4,NC,201.54
AS4,NC,195.24
AS4,NC,204.6
AS4,NC,188.48
AS4,NC,225.44
AS4,NC,222.02
AS4,NC,223.28
AS4,NC,220.79
AS4,NC,213.16
AS4,NC,202.37
AS4,NC,209.6
AS4,NC,179.36
AS4,NC,225.92
AS4,NC,216.48
AS4,NC,221.65
AS4,NC,239.08
AS4,NC,235.46
AS4,NC,205.19
AS4,NC,186.7
AS4,NC,207.41
AS4,NC,187.48
AS4,NC,222.31
AS4,NC,210.16
AS4,NC,208.61
AS4,NC,212.36
AS4,NC,200.37
AS4,NC,233.38
AS4,NC,216.3
AS4,NC,220.32
AS4,NC,195.91
AS4,NC,220.79
AS4,NC,226.28
AS4,NC,220.06
AS4,NC,212.46
AS4,NC,211.7
AS4,NC,207.21
AS4,NC,231.72
AS4,NC,224.43
AS4,NC,227.68
AS4,NC,206.78
AS4,NC,214.72
AS4,NC,215.51
AS4,NC,199.46
AS4,NC,246.18
AS4,NC,204.44
AS4,NC,234.45
AS4,NC,223.88
AS4,NC,202.21
AS4,NC,216.93
AS4,NC,217.54
AS4,NC,221.89
AS4,NC,241.08
AS4,NC,210.96
AS4,NC,238.32
AS4,NC,226.99
AS4,NC,215.1
AS4,NC,200.66
AS4,NC,229.16
AS4,NC,243.64
AS4,NC,205.67
AS4,NC,235.49
AS4,NC,198.06
AS4,NC,249.64
AS4,NC,240.74
AS4,NC,217.07
AS4,NC,222.86
AS4,NC,216.5
AS4,NC,228.36
AS4,NC,218.22
AS4,NC,230.06
AS4,NC,209.45
AS4,NC,200.56
AS4,NC,204.94
AS4,NC,193.79
AS4,NC,235.53
AS4,NC,210.44
AS4,NC,223.55
AS4,NC,199.07
AS4,NC,198.45
AS4,NC,227.2
AS4,NC,223.05
AS4,NC,225.6
AS4,NC,229.75
AS4,NC,220.48
AS4,NC,215.34
AS4,NC,227.3
AS4,NC,239.78
AS4,NC,191.04
AS4,NC,178.73
AS4,NC,210.97
AS4,NC,202.76
AS4,NC,223.3
AS4,NC,186.19
AS4,NC,224.1
AS4,NC,216.55
AS4,NC,187.02
AS4,NC,211.71
AS4,NC,205.72
AS4,NC,221.1
AS4,NC,214.11
AS4,NC,211.59
AS4,NC,212.77
AS4,NC,215.38
AS4,NC,197.66
AS4,NC,205.93
AS4,NC,245.48
AS4,NC,251.22
AS4,NC,224.96
AS4,NC,211.36
AS4,NC,238.78
AS5,NC,118.02
AS5,NC,146.04
AS5,NC,112.52
AS5,NC,118.2
AS5,NC,113.74
AS5,NC,119.19
AS5,NC,116.81
AS5,NC,115.16
AS5,NC,118.24
AS5,NC,118.37
AS5,NC,118.49
AS5,NC,107.13
AS5,NC,121.78
AS5,NC,118.17
AS5,NC,116.06
AS5,NC,125.94
AS5,NC,122.21
AS5,NC,128.97
AS5,NC,129.3
AS5,NC,126.33
AS5,NC,117.92
AS5,NC,116.63
AS5,NC,122.74
AS5,NC,112.24
AS5,NC,118.25
AS5,NC,111.89
AS5,NC,121.84
AS5,NC,115.65
AS5,NC,122.98
AS5,NC,118.06
AS5,NC,122.08
AS5,NC,137.17
AS5,NC,120.62
AS5,NC,118.33
AS5,NC,120.08
AS5,NC,124.23
AS5,NC,118.19
AS5,NC,114.82
AS5,NC,113.84
AS5,NC,121.39
AS5,NC,112.66
AS5,NC,127.99
AS5,NC,115.64
AS5,NC,117.75
AS5,NC,118.21
AS5,NC,117.45
AS5,NC,121.99
AS5,NC,130.24
AS5,NC,123.3
AS5,NC,126.66
AS5,NC,128.5
AS5,NC,108.35
AS5,NC,126.16
AS5,NC,107.91
AS5,NC,114.51
AS5,NC,119.28
AS5,NC,121.8
AS5,NC,120.33
AS5,NC,122.66
AS5,NC,132.06
AS5,NC,127.86
AS5,NC,120.66
AS5,NC,119.69
AS5,NC,109.54
AS5,NC,120.9
AS5,NC,114.2
AS5,NC,119.73
AS5,NC,125.94
AS5,NC,113.53
AS5,NC,126.84
AS5,NC,129.02
AS5,NC,126.02
AS5,NC,126.16
AS5,NC,111.94
AS5,NC,121.19
AS5,NC,124.58
AS5,NC,119.37
AS5,NC,123.2
AS5,NC,122.5
AS5,NC,121.92
AS5,NC,126.12
AS5,NC,124.16
AS5,NC,131.49
AS5,NC,119.25
AS5,NC,134.05
AS5,NC,118.7
AS5,NC,119.73
AS5,NC,115.69
AS5,NC,122.53
AS5,NC,121.96
AS5,NC,127.74
AS5,NC,124.81
AS5,NC,119.94
AS5,NC,115.46
AS5,NC,116.15
AS5,NC,125.4
AS5,NC,118.44
AS5,NC,125.65
AS5,NC,120.38
AS5,NC,116.94
AS5,NC,127.93
AS5,NC,129.54
AS5,NC,116.36
AS5,NC,121.68
AS5,NC,119.92
AS5,NC,121.06
AS5,NC,117.77
AS5,NC,127.89
AS5,NC,126.79
AS5,NC,123.42
AS5,NC,137.85
AS5,NC,126.14
AS5,NC,123.29
AS5,NC,120.13
AS5,NC,119.33
AS5,NC,121.56
AS6,NC,271.7
AS6,NC,269.51
AS6,NC,264.86
AS6,NC,269.98
AS6,NC,266.13
AS6,NC,279.46
AS6,NC,266.71
AS6,NC,274.03
AS6,NC,273.88
AS6,NC,267.42
AS6,NC,221.87
AS6,NC,265.09
AS6,NC,265.14
AS6,NC,265.89
AS6,NC,259.36
AS6,NC,264.25
AS6,NC,269.49
AS6,NC,257.27
AS6,NC,258.52
AS6,NC,253.49
AS6,NC,263.98
AS6,NC,256.2
AS6,NC,272.58
AS6,NC,252.46
AS6,NC,268.08
AS6,NC,258.98
AS6,NC,272.36
AS6,NC,264.96
AS6,NC,259.96
AS6,NC,258.12
AS6,NC,277.55
AS6,NC,293.71
AS6,NC,266.59
AS6,NC,261.13
AS6,NC,268.98
AS6,NC,265.24
AS6,NC,264.26
AS6,NC,270.14
AS6,NC,255.52
AS6,NC,265.16
AS6,NC,268.46
AS6,NC,259.6
AS6,NC,267.93
AS6,NC,258.48
AS6,NC,268.45
AS6,NC,268.62
AS6,NC,266.06
AS6,NC,277.23
AS6,NC,265.38
AS6,NC,265.55
AS6,NC,278.32
AS6,NC,257.16
AS6,NC,265.48
AS6,NC,275.82
AS6,NC,261.37
AS6,NC,269.29
AS6,NC,266.38
AS6,NC,264.9
AS6,NC,264.27
AS6,NC,272.25
AS6,NC,262.18
AS6,NC,276.38
AS6,NC,265.57
AS6,NC,263.16
AS6,NC,267.74
AS6,NC,265.67
AS6,NC,272.65
AS6,NC,266.67
AS6,NC,265.02
AS6,NC,256.53
AS6,NC,276.6
AS6,NC,265.2
AS6,NC,280.88
AS6,NC,255.94
AS6,NC,271.75
AS6,NC,263.42
AS6,NC,259.38
AS6,NC,255.19
AS6,NC,253.25
AS6,NC,269.66
AS6,NC,259.01
AS6,NC,277.97
AS6,NC,265.26
AS6,NC,281.85
AS6,NC,282.26
AS6,NC,258.47
AS6,NC,257.5
AS6,NC,262.33
AS6,NC,264.58
AS6,NC,317.89
AS6,NC,273.75
AS6,NC,276.77
AS6,NC,270.39
AS6,NC,251.18
AS6,NC,256.79
AS6,NC,265.84
AS6,NC,276.5
AS6,NC,282.66
AS6,NC,266.59
AS6,NC,281.58
AS6,NC,266.65
AS6,NC,256.2
AS6,NC,275.86
AS6,NC,261.6
AS6,NC,262.13
AS6,NC,260.07
AS6,NC,261.26
AS6,NC,312.68
AS6,NC,263.02
AS6,NC,260.07
AS6,NC,265.27
AS6,NC,262.74
AS6,NC,257.56
AS6,NC,279.72
AS6,NC,269.74
AS6,NC,274.85
AS6,NC,280.18
AS6,NC,269.81
AS6,NC,261.2
AS6,NC,292.1
AS6,NC,262.57
AS6,NC,254.05
AS6,NC,263.23
AS6,NC,259.38
AS6,NC,267.82
AS6,NC,261.36
AS6,NC,259.52
AS6,NC,287.4
AS6,NC,269.18
AS1,SSN,213.68
AS1,SSN,207.1
AS1,SSN,212.95
AS1,SSN,214.8
AS1,SSN,205.42
AS1,SSN,226.39
AS1,SSN,186.99
AS1,SSN,201.6
AS1,SSN,217.4
AS1,SSN,219.9
AS1,SSN,210.67
AS1,SSN,237.54
AS1,SSN,228.74
AS1,SSN,223.21
AS1,SSN,226.24
AS1,SSN,217.91
AS1,SSN,214.89
AS1,SSN,212.68
AS1,SSN,214.84
AS1,SSN,220.87
AS1,SSN,243.84
AS1,SSN,200.97
AS1,SSN,228.25
AS1,SSN,202.6
AS1,SSN,228.41
AS1,SSN,253.09
AS1,SSN,252.93
AS1,SSN,196.02
AS1,SSN,206.51
AS1,SSN,207.49
AS1,SSN,200.0
AS1,SSN,191.73
AS1,SSN,212.1
AS1,SSN,233.42
AS1,SSN,204.88
AS1,SSN,198.15
AS1,SSN,258.92
AS1,SSN,207.63
AS1,SSN,233.24
AS1,SSN,219.13
AS1,SSN,226.64
AS1,SSN,216.84
AS1,SSN,229.06
AS1,SSN,258.16
AS1,SSN,237.16
AS1,SSN,206.67
AS1,SSN,237.06
AS1,SSN,211.48
AS1,SSN,199.39
AS1,SSN,232.61
AS1,SSN,230.89
AS1,SSN,270.63
AS1,SSN,221.66
AS1,SSN,218.94
AS1,SSN,222.11
AS1,SSN,225.82
AS1,SSN,215.61
AS1,SSN,254.75
AS1,SSN,230.61
AS1,SSN,196.42
AS1,SSN,213.19
AS1,SSN,243.99
AS1,SSN,219.12
AS1,SSN,223.99
AS1,SSN,229.73
AS1,SSN,224.6
AS1,SSN,194.8
AS1,SSN,181.53
AS1,SSN,204.12
AS1,SSN,205.69
AS1,SSN,216.54
AS1,SSN,206.33
AS1,SSN,210.33
AS1,SSN,205.62
AS1,SSN,211.57
AS1,SSN,206.94
AS1,SSN,208.02
AS1,SSN,212.66
AS1,SSN,216.41
AS1,SSN,208.66
AS1,SSN,189.4
AS1,SSN,224.02
AS1,SSN,194.74
AS1,SSN,210.96
AS1,SSN,232.87
AS1,SSN,219.35
AS1,SSN,196.14
AS1,SSN,136.41
AS1,SSN,196.68
AS1,SSN,220.18
AS1,SSN,215.15
AS1,SSN,216.03
AS1,SSN,199.7
AS1,SSN,210.76
AS1,SSN,191.78
AS1,SSN,204.95
AS1,SSN,231.2
AS1,SSN,228.42
AS1,SSN,209.23
AS1,SSN,199.14
AS1,SSN,210.4
AS1,SSN,168.16
AS1,SSN,223.98
AS1,SSN,246.98
AS1,SSN,195.48
AS1,SSN,201.2
AS1,SSN,178.84
AS1,SSN,194.45
AS1,SSN,223.16
AS1,SSN,208.94
AS1,SSN,204.86
AS1,SSN,211.79
AS1,SSN,201.4
AS1,SSN,197.7
AS1,SSN,209.88
AS1,SSN,249.52
AS1,SSN,202.88
AS1,SSN,203.12
AS1,SSN,228.93
AS1,SSN,218.65
AS1,SSN,198.08
AS1,SSN,259.65
AS1,SSN,214.22
AS1,SSN,214.37
AS1,SSN,204.37
AS1,SSN,209.2
AS1,SSN,222.6
AS1,SSN,221.08
AS1,SSN,197.98
AS1,SSN,198.71
AS1,SSN,222.91
AS1,SSN,227.17
AS1,SSN,188.81
AS1,SSN,225.5
AS1,SSN,223.62
AS1,SSN,179.14
AS1,SSN,244.1
AS1,SSN,218.51
AS1,SSN,196.47
AS1,SSN,251.06
AS1,SSN,237.03
AS1,SSN,224.45
AS1,SSN,203.44
AS1,SSN,241.15
AS1,SSN,227.18
AS1,SSN,222.45
AS1,SSN,218.63
AS1,SSN,206.06
AS1,SSN,212.48
AS1,SSN,218.98
AS1,SSN,224.57
AS1,SSN,233.16
AS1,SSN,202.54
AS1,SSN,271.4
AS1,SSN,198.91
AS1,SSN,187.68
AS1,SSN,220.86
AS1,SSN,188.38
AS1,SSN,217.6
AS2,SSN,137.93
AS2,SSN,155.5
AS2,SSN,174.52
AS2,SSN,134.36
AS2,SSN,127.72
AS2,SSN,142.2
AS2,SSN,166.07
AS2,SSN,189.41
AS2,SSN,142.08
AS2,SSN,128.99
AS2,SSN,141.62
AS2,SSN,154.07
AS2,SSN,137.88
AS2,SSN,146.8
AS2,SSN,141.38
AS2,SSN,138.86
AS2,SSN,143.86
AS2,SSN,142.22
AS2,SSN,145.2
AS2,SSN,172.98
AS2,SSN,155.82
AS2,SSN,164.44
AS2,SSN,174.26
AS2,SSN,147.08
AS2,SSN,122.4
AS2,SSN,139.21
AS2,SSN,137.06
AS2,SSN,132.91
AS2,SSN,128.08
AS2,SSN,132.02
AS2,SSN,131.8
AS2,SSN,165.19
AS2,SSN,146.04
AS2,SSN,150.04
AS2,SSN,143.62
AS2,SSN,150.0
AS2,SSN,136.8
AS2,SSN,149.86
AS2,SSN,149.32
AS2,SSN,154.2
AS2,SSN,168.82
AS2,SSN,152.92
AS2,SSN,149.19
AS2,SSN,149.37
AS2,SSN,141.7
AS2,SSN,150.33
AS2,SSN,139.68
AS2,SSN,162.12
AS2,SSN,150.68
AS2,SSN,137.53
AS2,SSN,141.19
AS2,SSN,149.16
AS2,SSN,128.58
AS2,SSN,133.11
AS2,SSN,125.8
AS2,SSN,149.1
AS2,SSN,129.57
AS2,SSN,131.23
AS2,SSN,136.22
AS2,SSN,118.09
AS2,SSN,138.22
AS2,SSN,152.12
AS2,SSN,143.54
AS2,SSN,140.47
AS2,SSN,155.38
AS2,SSN,175.15
AS2,SSN,149.06
AS2,SSN,165.18
AS2,SSN,143.34
AS2,SSN,165.03
AS2,SSN,152.9
AS2,SSN,135.26
AS2,SSN,141.12
AS2,SSN,165.63
AS2,SSN,138.7
AS2,SSN,196.97
AS2,SSN,149.03
AS2,SSN,149.58
AS2,SSN,149.71
AS2,SSN,161.99
AS2,SSN,149.32
AS2,SSN,133.41
AS2,SSN,146.41
AS2,SSN,117.0
AS2,SSN,155.04
AS2,SSN,159.6
AS2,SSN,165.49
AS2,SSN,154.5
AS2,SSN,145.74
AS2,SSN,163.43
AS2,SSN,148.38
AS2,SSN,146.35
AS2,SSN,131.06
AS2,SSN,130.47
AS2,SSN,143.3
AS2,SSN,150.98
AS2,SSN,127.7
AS3,SSN,202.74
AS3,SSN,207.8
AS3,SSN,195.74
AS3,SSN,169.16
AS3,SSN,194.77
AS3,SSN,191.18
AS3,SSN,203.02
AS3,SSN,192.41
AS3,SSN,186.32
AS3,SSN,182.23
AS3,SSN,174.14
AS3,SSN,189.96
AS3,SSN,176.53
AS3,SSN,177.4
AS3,SSN,203.5
AS3,SSN,203.32
AS3,SSN,151.74
AS3,SSN,181.09
AS3,SSN,213.67
AS3,SSN,193.26
AS3,SSN,194.45
AS3,SSN,161.19
AS3,SSN,197.3
AS3,SSN,191.37
AS3,SSN,205.54
AS3,SSN,209.68
AS3,SSN,199.94
AS3,SSN,211.2
AS3,SSN,191.41
AS3,SSN,172.05
AS3,SSN,216.75
AS3,SSN,207.93
AS3,SSN,173.12
AS3,SSN,202.72
AS3,SSN,211.28
AS3,SSN,201.54
AS3,SSN,198.25
AS3,SSN,192.56
AS3,SSN,195.41
AS3,SSN,167.95
AS3,SSN,189.44
AS3,SSN,221.96
AS3,SSN,191.44
AS3,SSN,189.16
AS3,SSN,181.19
AS3,SSN,200.47
AS3,SSN,223.83
AS3,SSN,209.29
AS3,SSN,200.56
AS3,SSN,184.78
AS3,SSN,200.54
AS3,SSN,192.95
AS3,SSN,184.24
AS3,SSN,201.87
AS3,SSN,214.72
AS3,SSN,191.56
AS3,SSN,222.5
AS3,SSN,198.98
AS3,SSN,186.25
AS3,SSN,222.85
AS3,SSN,219.24
AS3,SSN,191.43
AS3,SSN,177.06
AS3,SSN,148.75
AS3,SSN,185.64
AS3,SSN,197.18
AS3,SSN,228.53
AS3,SSN,177.52
AS3,SSN,187.1
AS3,SSN,196.27
AS3,SSN,183.32
AS3,SSN,180.64
AS3,SSN,190.54
AS3,SSN,212.86
AS3,SSN,186.86
AS3,SSN,202.03
AS3,SSN,190.16
AS3,SSN,178.6
AS3,SSN,200.29
AS3,SSN,198.36
AS3,SSN,174.86
AS3,SSN,164.7
AS3,SSN,221.2
AS3,SSN,193.72
AS3,SSN,210.6
AS3,SSN,167.78
AS3,SSN,181.74
AS3,SSN,190.55
AS3,SSN,210.89
AS4,SSN,230.77
AS4,SSN,232.37
AS4,SSN,218.03
AS4,SSN,234.39
AS4,SSN,236.58
AS4,SSN,220.3
AS4,SSN,224.83
AS4,SSN,220.16
AS4,SSN,186.15
AS4,SSN,223.28
AS4,SSN,255.55
AS4,SSN,209.53
AS4,SSN,197.21
AS4,SSN,249.46
AS4,SSN,237.43
AS4,SSN,235.42
AS4,SSN,222.86
AS4,SSN,209.44
AS4,SSN,249.74
AS4,SSN,235.32
AS4,SSN,251.1
AS4,SSN,246.24
AS4,SSN,233.27
AS4,SSN,241.28
AS4,SSN,185.76
AS4,SSN,231.95
AS4,SSN,224.66
AS4,SSN,220.48
AS4,SSN,232.1
AS4,SSN,220.02
AS4,SSN,219.72
AS4,SSN,219.61
AS4,SSN,230.54
AS4,SSN,217.44
AS4,SSN,224.68
AS4,SSN,226.15
AS4,SSN,201.07
AS4,SSN,228.86
AS4,SSN,247.9
AS4,SSN,218.4
AS4,SSN,201.94
AS4,SSN,211.2
AS4,SSN,243.3
AS4,SSN,219.29
AS4,SSN,224.63
AS4,SSN,243.51
AS4,SSN,219.92
AS4,SSN,196.58
AS4,SSN,233.62
AS4,SSN,218.68
AS4,SSN,225.25
AS4,SSN,227.21
AS4,SSN,202.92
AS4,SSN,212.82
AS4,SSN,235.32
AS4,SSN,213.82
AS4,SSN,228.71
AS4,SSN,246.22
AS4,SSN,225.42
AS4,SSN,231.8
AS4,SSN,240.54
AS4,SSN,220.86
AS4,SSN,192.56
AS4,SSN,231.17
AS4,SSN,213.74
AS4,SSN,229.04
AS4,SSN,244.77
AS4,SSN,240.07
AS4,SSN,232.21
AS4,SSN,232.41
AS4,SSN,227.98
AS4,SSN,226.87
AS4,SSN,234.0
AS4,SSN,255.18
AS4,SSN,213.12
AS4,SSN,228.53
AS4,SSN,244.66
AS4,SSN,217.07
AS4,SSN,188.19
AS4,SSN,198.1
AS4,SSN,227.28
AS4,SSN,190.46
AS4,SSN,236.82
AS4,SSN,213.64
AS4,SSN,225.02
AS4,SSN,231.5
AS4,SSN,242.62
AS4,SSN,213.26
AS4,SSN,226.01
AS4,SSN,247.7
AS4,SSN,197.8
AS4,SSN,229.38
AS4,SSN,206.8
AS4,SSN,248.01
AS4,SSN,248.81
AS4,SSN,231.59
AS4,SSN,244.52
AS4,SSN,243.33
AS4,SSN,236.9
AS4,SSN,216.58
AS4,SSN,242.08
AS4,SSN,244.3
AS4,SSN,225.24
AS4,SSN,230.8
AS4,SSN,216.56
AS4,SSN,248.8
AS4,SSN,217.59
AS4,SSN,214.94
AS4,SSN,204.6
AS4,SSN,236.28
AS4,SSN,229.03
AS4,SSN,260.05
AS4,SSN,238.4
AS4,SSN,228.29
AS4,SSN,241.57
AS4,SSN,244.91
AS4,SSN,220.44
AS4,SSN,235.74
AS4,SSN,223.8
AS4,SSN,222.44
AS4,SSN,212.05
AS4,SSN,234.89
AS4,SSN,262.06
AS4,SSN,233.11
AS4,SSN,248.08
AS4,SSN,214.92
AS4,SSN,247.45
AS4,SSN,228.57
AS4,SSN,249.6
AS4,SSN,234.51
AS4,SSN,224.93
AS4,SSN,218.3
AS4,SSN,225.49
AS4,SSN,200.7
AS4,SSN,187.25
AS4,SSN,248.12
AS4,SSN,208.99
AS4,SSN,229.56
AS4,SSN,220.58
AS4,SSN,231.02
AS4,SSN,232.22
AS4,SSN,247.28
AS4,SSN,230.17
AS4,SSN,250.36
AS4,SSN,225.33
AS4,SSN,197.86
AS4,SSN,262.78
AS4,SSN,235.64
AS4,SSN,224.37
AS4,SSN,249.49
AS4,SSN,229.98
AS4,SSN,228.86
AS4,SSN,229.02
AS4,SSN,230.17
AS4,SSN,240.37
AS4,SSN,223.21
AS4,SSN,213.1
AS4,SSN,247.25
AS4,SSN,216.57
AS4,SSN,236.92
AS4,SSN,212.94
AS4,SSN,226.08
AS4,SSN,231.44
AS4,SSN,217.59
AS4,SSN,236.62
AS5,SSN,123.15
AS5,SSN,150.16
AS5,SSN,129.77
AS5,SSN,143.12
AS5,SSN,138.38
AS5,SSN,131.32
AS5,SSN,82.14
AS5,SSN,122.96
AS5,SSN,139.19
AS5,SSN,136.34
AS5,SSN,160.64
AS5,SSN,130.28
AS5,SSN,154.09
AS5,SSN,130.34
AS5,SSN,143.22
AS5,SSN,131.2
AS5,SSN,136.2
AS5,SSN,135.36
AS5,SSN,138.51
AS5,SSN,139.33
AS5,SSN,147.76
AS5,SSN,138.66
AS5,SSN,139.79
AS5,SSN,143.33
AS5,SSN,118.96
AS5,SSN,139.81
AS5,SSN,143.3
AS5,SSN,135.93
AS5,SSN,138.64
AS5,SSN,151.94
AS5,SSN,153.52
AS5,SSN,153.06
AS5,SSN,135.87
AS5,SSN,131.68
AS5,SSN,148.28
AS5,SSN,151.17
AS5,SSN,151.32
AS5,SSN,145.62
AS5,SSN,134.62
AS5,SSN,125.26
AS5,SSN,139.12
AS5,SSN,167.48
AS5,SSN,135.58
AS5,SSN,139.46
AS5,SSN,145.31
AS5,SSN,130.61
AS5,SSN,146.0
AS5,SSN,174.18
AS5,SSN,141.82
AS5,SSN,155.66
AS5,SSN,151.76
AS5,SSN,134.76
AS5,SSN,142.31
AS5,SSN,150.28
AS5,SSN,139.94
AS5,SSN,145.95
AS5,SSN,135.0
AS5,SSN,132.5
AS5,SSN,146.6
AS5,SSN,148.17
AS5,SSN,148.45
AS5,SSN,127.77
AS5,SSN,159.1
AS5,SSN,126.68
AS5,SSN,131.87
AS5,SSN,162.32
AS5,SSN,145.01
AS5,SSN,129.97
AS5,SSN,141.12
AS5,SSN,122.58
AS5,SSN,106.92
AS5,SSN,145.05
AS5,SSN,149.34
AS5,SSN,149.53
AS5,SSN,149.68
AS5,SSN,146.24
AS5,SSN,134.78
AS5,SSN,137.5
AS5,SSN,158.64
AS5,SSN,121.87
AS5,SSN,162.42
AS5,SSN,152.36
AS5,SSN,134.34
AS5,SSN,151.7
AS5,SSN,142.16
AS5,SSN,138.39
AS5,SSN,163.81
AS5,SSN,152.7
AS5,SSN,145.25
AS5,SSN,136.11
AS5,SSN,139.38
AS5,SSN,133.76
AS5,SSN,150.56
AS5,SSN,143.16
AS5,SSN,125.96
AS6,SSN,260.45
AS6,SSN,272.06
AS6,SSN,282.1
AS6,SSN,275.56
AS6,SSN,285.5
AS6,SSN,277.66
AS6,SSN,262.85
AS6,SSN,281.3
AS6,SSN,290.96
AS6,SSN,250.67
AS6,SSN,289.32
AS6,SSN,268.18
AS6,SSN,267.74
AS6,SSN,281.56
AS6,SSN,273.18
AS6,SSN,289.48
AS6,SSN,291.42
AS6,SSN,268.8
AS6,SSN,289.39
AS6,SSN,280.65
AS6,SSN,280.14
AS6,SSN,268.84
AS6,SSN,261.44
AS6,SSN,266.71
AS6,SSN,274.51
AS6,SSN,262.02
AS6,SSN,261.1
AS6,SSN,292.77
AS6,SSN,269.24
AS6,SSN,282.64
AS6,SSN,269.76
AS6,SSN,279.81
AS6,SSN,285.6
AS6,SSN,265.96
AS6,SSN,260.5
AS6,SSN,269.63
AS6,SSN,252.24
AS6,SSN,257.44
AS6,SSN,267.35
AS6,SSN,274.36
AS6,SSN,290.23
AS6,SSN,272.67
AS6,SSN,269.08
AS6,SSN,298.67
AS6,SSN,276.69
AS6,SSN,262.47
AS6,SSN,280.36
AS6,SSN,270.76
AS6,SSN,286.26
AS6,SSN,277.44
AS6,SSN,285.96
AS6,SSN,277.39
AS6,SSN,258.76
AS6,SSN,293.03
AS6,SSN,272.54
AS6,SSN,260.88
AS6,SSN,279.74
AS6,SSN,262.64
AS6,SSN,283.7
AS6,SSN,255.5
AS6,SSN,269.61
AS6,SSN,280.49
AS6,SSN,282.11
AS6,SSN,270.83
AS6,SSN,261.44
AS6,SSN,273.81
AS6,SSN,258.2
AS6,SSN,273.65
AS6,SSN,291.53
AS6,SSN,260.38
AS6,SSN,276.2
AS6,SSN,296.29
AS6,SSN,254.85
AS6,SSN,331.14
AS6,SSN,299.6
AS6,SSN,303.69
AS6,SSN,256.6
AS6,SSN,281.53
AS6,SSN,255.84
AS6,SSN,264.54
AS6,SSN,278.2
AS6,SSN,256.45
AS6,SSN,263.16
AS6,SSN,283.92
AS6,SSN,262.29
AS6,SSN,287.14
AS6,SSN,262.17
AS6,SSN,260.75
AS6,SSN,250.66
AS6,SSN,289.96
AS6,SSN,279.77
AS6,SSN,305.6
AS6,SSN,272.35
AS6,SSN,275.66
AS6,SSN,267.03
AS6,SSN,280.15
AS6,SSN,275.01
AS6,SSN,283.34
AS6,SSN,305.98
AS6,SSN,282.58
AS6,SSN,272.09
AS6,SSN,296.48
AS6,SSN,290.16
AS6,SSN,281.82
AS6,SSN,288.19
AS6,SSN,291.45
AS6,SSN,272.83
AS6,SSN,268.16
AS6,SSN,274.83
AS6,SSN,258.7
AS6,SSN,283.4
AS6,SSN,258.12
AS6,SSN,258.81
AS6,SSN,276.75
AS6,SSN,282.86
AS6,SSN,277.52
AS6,SSN,256.3
AS6,SSN,268.51
AS6,SSN,305.72
AS6,SSN,275.24
AS6,SSN,253.21
AS6,SSN,278.38
AS6,SSN,263.36
AS6,SSN,278.67
AS6,SSN,267.65
AS6,SSN,269.1
AS6,SSN,300.45
AS6,SSN,273.5
AS6,SSN,253.43
AS6,SSN,284.93
AS6,SSN,282.45
AS6,SSN,263.85
AS6,SSN,253.12
AS6,SSN,255.45
AS6,SSN,284.82
AS6,SSN,278.38
AS6,SSN,255.05
AS6,SSN,296.74
AS6,SSN,270.56
AS6,SSN,255.69
AS6,SSN,262.23
AS6,SSN,259.92
AS6,SSN,266.59
AS6,SSN,264.88
AS6,SSN,258.24
AS6,SSN,285.22
AS6,SSN,266.6
AS6,SSN,264.17
AS6,SSN,259.59
AS6,SSN,284.95
AS6,SSN,261.1
AS6,SSN,259.04
AS6,SSN,289.78
AS6,SSN,267.54
AS6,SSN,253.2
AS6,SSN,279.46
AS6,SSN,259.62
AS6,SSN,280.02
AS6,SSN,265.08
AS6,SSN,285.74
AS6,SSN,296.97
AS6,SSN,257.36
AS6,SSN,260.83
AS6,SSN,240.56
AS6,SSN,301.64
AS6,SSN,257.09
AS6,SSN,284.78
AS6,SSN,253.69
AS6,SSN,285.53
AS6,SSN,276.02
AS6,SSN,266.18
AS6,SSN,278.0
AS6,SSN,261.41
AS6,SSN,267.27
AS6,SSN,251.6
AS6,SSN,268.86
AS6,SSN,305.92
AS6,SSN,266.58
AS6,SSN,272.4
AS6,SSN,307.65
AS6,SSN,291.46
AS6,SSN,265.6
AS6,SSN,265.44
AS6,SSN,270.25
AS6,SSN,281.66
AS6,SSN,256.47
AS6,SSN,310.01
AS6,SSN,269.28
AS6,SSN,273.26
AS6,SSN,257.99
AS6,SSN,259.48
AS6,SSN,261.5
AS6,SSN,281.39
AS6,SSN,269.12
AS6,SSN,258.62
AS6,SSN,300.68
AS6,SSN,255.45
AS6,SSN,280.16
AS6,SSN,305.34
AS6,SSN,263.76
AS6,SSN,268.9
AS6,SSN,282.51
AS6,SSN,274.5
AS6,SSN,263.76
AS6,SSN,282.03
AS1,Babble,210.85
AS1,Babble,259.85
AS1,Babble,195.36
AS1,Babble,262.88
AS1,Babble,210.48
AS1,Babble,209.62
AS1,Babble,244.55
AS1,Babble,271.28
AS1,Babble,278.09
AS1,Babble,246.42
AS1,Babble,196.2
AS1,Babble,233.67
AS1,Babble,209.62
AS1,Babble,228.84
AS1,Babble,209.37
AS1,Babble,214.38
AS1,Babble,288.79
AS1,Babble,230.85
AS1,Babble,211.27
AS1,Babble,250.2
AS1,Babble,227.14
AS1,Babble,216.57
AS1,Babble,226.37
AS1,Babble,204.37
AS1,Babble,235.03
AS1,Babble,213.05
AS1,Babble,238.58
AS1,Babble,225.82
AS1,Babble,246.49
AS1,Babble,220.42
AS1,Babble,254.9
AS1,Babble,217.38
AS1,Babble,244.62
AS1,Babble,222.98
AS1,Babble,234.0
AS1,Babble,219.36
AS1,Babble,232.93
AS1,Babble,232.48
AS1,Babble,196.9
AS1,Babble,243.46
AS1,Babble,214.32
AS1,Babble,243.32
AS1,Babble,231.66
AS1,Babble,232.49
AS1,Babble,234.19
AS1,Babble,249.94
AS1,Babble,224.28
AS1,Babble,253.0
AS1,Babble,263.04
AS1,Babble,232.12
AS1,Babble,274.46
AS1,Babble,248.39
AS1,Babble,225.31
AS1,Babble,225.36
AS1,Babble,219.42
AS1,Babble,216.43
AS1,Babble,187.02
AS1,Babble,234.14
AS1,Babble,197.53
AS1,Babble,228.02
AS1,Babble,194.83
AS1,Babble,215.37
AS1,Babble,211.74
AS1,Babble,193.12
AS1,Babble,200.2
AS1,Babble,238.42
AS1,Babble,212.96
AS1,Babble,219.23
AS1,Babble,248.07
AS1,Babble,213.89
AS1,Babble,227.46
AS1,Babble,253.84
AS1,Babble,251.08
AS1,Babble,234.9
AS1,Babble,227.5
AS1,Babble,212.98
AS1,Babble,213.0
AS1,Babble,244.35
AS1,Babble,234.02
AS1,Babble,186.39
AS1,Babble,249.9
AS1,Babble,239.15
AS1,Babble,251.8
AS1,Babble,213.69
AS1,Babble,184.82
AS1,Babble,222.24
AS1,Babble,200.22
AS1,Babble,213.97
AS1,Babble,217.72
AS1,Babble,246.2
AS1,Babble,186.06
AS1,Babble,275.43
AS1,Babble,236.72
AS1,Babble,275.06
AS1,Babble,194.58
AS1,Babble,208.79
AS1,Babble,230.44
AS1,Babble,240.4
AS1,Babble,211.56
AS1,Babble,202.36
AS1,Babble,207.76
AS1,Babble,235.13
AS1,Babble,194.49
AS1,Babble,228.8
AS1,Babble,243.76
AS1,Babble,268.46
AS1,Babble,256.12
AS1,Babble,208.31
AS1,Babble,215.5
AS1,Babble,231.52
AS1,Babble,258.97
AS1,Babble,240.74
AS1,Babble,231.64
AS1,Babble,224.88
AS1,Babble,238.93
AS1,Babble,201.88
AS1,Babble,233.1
AS1,Babble,260.63
AS1,Babble,236.29
AS1,Babble,237.5
AS1,Babble,240.07
AS1,Babble,277.55
AS1,Babble,232.19
AS1,Babble,216.62
AS1,Babble,181.52
AS1,Babble,246.38
AS1,Babble,237.43
AS1,Babble,208.94
AS1,Babble,227.91
AS1,Babble,216.04
AS1,Babble,231.36
AS1,Babble,238.14
AS1,Babble,219.61
AS1,Babble,253.98
AS2,Babble,170.46
AS2,Babble,150.68
AS2,Babble,124.96
AS2,Babble,122.1
AS2,Babble,143.44
AS2,Babble,124.21
AS2,Babble,125.21
AS2,Babble,121.17
AS2,Babble,134.74
AS2,Babble,138.0
AS2,Babble,124.28
AS2,Babble,136.09
AS2,Babble,139.01
AS2,Babble,179.48
AS2,Babble,132.94
AS2,Babble,133.93
AS2,Babble,139.01
AS2,Babble,132.26
AS2,Babble,133.72
AS2,Babble,127.31
AS2,Babble,138.9
AS2,Babble,160.82
AS2,Babble,120.73
AS2,Babble,140.37
AS2,Babble,124.28
AS2,Babble,130.57
AS2,Babble,137.73
AS2,Babble,134.71
AS2,Babble,130.15
AS2,Babble,136.11
AS2,Babble,122.86
AS2,Babble,138.25
AS2,Babble,130.23
AS2,Babble,140.61
AS2,Babble,151.76
AS2,Babble,114.42
AS2,Babble,127.74
AS2,Babble,141.47
AS2,Babble,129.5
AS2,Babble,121.26
AS2,Babble,150.3
AS2,Babble,152.43
AS2,Babble,127.28
AS2,Babble,130.01
AS2,Babble,125.03
AS2,Babble,128.27
AS2,Babble,146.47
AS2,Babble,137.5
AS2,Babble,139.81
AS2,Babble,146.88
AS2,Babble,134.66
AS2,Babble,121.92
AS2,Babble,127.28
AS2,Babble,128.25
AS2,Babble,134.82
AS2,Babble,123.74
AS2,Babble,181.23
AS2,Babble,134.81
AS2,Babble,134.26
AS2,Babble,121.52
AS2,Babble,126.96
AS2,Babble,140.5
AS2,Babble,159.72
AS2,Babble,147.0
AS2,Babble,137.98
AS2,Babble,134.56
AS2,Babble,143.99
AS3,Babble,232.02
AS3,Babble,208.93
AS3,Babble,177.04
AS3,Babble,193.44
AS3,Babble,211.95
AS3,Babble,195.94
AS3,Babble,221.96
AS3,Babble,206.15
AS3,Babble,208.0
AS3,Babble,199.24
AS3,Babble,220.79
AS3,Babble,198.06
AS3,Babble,176.67
AS3,Babble,206.66
AS3,Babble,198.14
AS3,Babble,218.25
AS3,Babble,213.94
AS3,Babble,232.7
AS3,Babble,203.75
AS3,Babble,192.68
AS3,Babble,202.64
AS3,Babble,185.13
AS3,Babble,207.1
AS3,Babble,207.47
AS3,Babble,189.03
AS3,Babble,189.52
AS3,Babble,202.89
AS3,Babble,172.13
AS3,Babble,187.57
AS3,Babble,205.79
AS3,Babble,195.12
AS3,Babble,212.38
AS3,Babble,187.48
AS3,Babble,216.57
AS3,Babble,201.94
AS3,Babble,188.8
AS3,Babble,225.31
AS3,Babble,210.04
AS3,Babble,201.75
AS3,Babble,214.6
AS3,Babble,168.65
AS3,Babble,201.65
AS3,Babble,188.82
AS3,Babble,201.76
AS3,Babble,185.8
AS3,Babble,226.88
AS3,Babble,186.1
AS3,Babble,195.46
AS3,Babble,186.42
AS3,Babble,199.2
AS3,Babble,203.3
AS3,Babble,163.17
AS3,Babble,171.32
AS3,Babble,179.48
AS3,Babble,161.22
AS3,Babble,197.94
AS3,Babble,201.54
AS3,Babble,189.7
AS3,Babble,186.64
AS3,Babble,199.12
AS3,Babble,216.67
AS3,Babble,184.56
AS3,Babble,114.92
AS3,Babble,171.85
AS3,Babble,206.14
AS3,Babble,208.85
AS3,Babble,175.57
AS3,Babble,180.78
AS3,Babble,203.6
AS3,Babble,188.65
AS3,Babble,180.96
AS3,Babble,205.53
AS3,Babble,158.96
AS3,Babble,199.85
AS3,Babble,167.3
AS3,Babble,196.21
AS3,Babble,200.94
AS3,Babble,191.85
AS3,Babble,189.6
AS3,Babble,177.5
AS3,Babble,179.55
AS3,Babble,209.04
AS3,Babble,206.12
AS3,Babble,225.74
AS3,Babble,203.43
AS3,Babble,200.6
AS3,Babble,191.12
AS3,Babble,205.08
AS3,Babble,211.28
AS3,Babble,203.88
AS3,Babble,212.57
AS3,Babble,220.8
AS3,Babble,193.32
AS3,Babble,206.49
AS3,Babble,197.22
AS3,Babble,197.01
AS3,Babble,209.31
AS3,Babble,170.31
AS3,Babble,203.96
AS3,Babble,205.38
AS3,Babble,188.7
AS3,Babble,185.16
AS3,Babble,122.8
AS3,Babble,193.83
AS3,Babble,195.98
AS3,Babble,185.34
AS3,Babble,195.57
AS3,Babble,219.46
AS3,Babble,189.13
AS3,Babble,173.62
AS3,Babble,177.29
AS3,Babble,205.02
AS3,Babble,192.78
AS3,Babble,186.65
AS3,Babble,212.99
AS3,Babble,187.65
AS3,Babble,174.47
AS3,Babble,222.02
AS3,Babble,203.22
AS3,Babble,181.21
AS3,Babble,201.53
AS3,Babble,195.58
AS3,Babble,184.92
AS3,Babble,214.5
AS3,Babble,196.15
AS3,Babble,198.54
AS3,Babble,189.26
AS3,Babble,190.7
AS3,Babble,174.53
AS3,Babble,177.4
AS3,Babble,189.1
AS3,Babble,174.85
AS3,Babble,193.38
AS3,Babble,102.21
AS3,Babble,206.0
AS3,Babble,185.38
AS3,Babble,205.37
AS3,Babble,166.28
AS3,Babble,205.92
AS3,Babble,175.45
AS3,Babble,229.73
AS3,Babble,183.42
AS3,Babble,192.24
AS3,Babble,190.86
AS3,Babble,185.89
AS3,Babble,161.3
AS3,Babble,170.36
AS3,Babble,255.4
AS3,Babble,187.2
AS4,Babble,211.47
AS4,Babble,240.76
AS4,Babble,220.52
AS4,Babble,207.82
AS4,Babble,223.11
AS4,Babble,220.45
AS4,Babble,239.75
AS4,Babble,225.13
AS4,Babble,226.54
AS4,Babble,224.02
AS4,Babble,246.42
AS4,Babble,221.46
AS4,Babble,231.22
AS4,Babble,255.85
AS4,Babble,222.33
AS4,Babble,212.67
AS4,Babble,198.34
AS4,Babble,246.91
AS4,Babble,225.09
AS4,Babble,217.89
AS4,Babble,215.12
AS4,Babble,213.82
AS4,Babble,229.18
AS4,Babble,221.22
AS4,Babble,194.95
AS4,Babble,233.86
AS4,Babble,230.04
AS4,Babble,216.24
AS4,Babble,218.3
AS4,Babble,240.14
AS4,Babble,210.66
AS4,Babble,214.2
AS4,Babble,220.42
AS4,Babble,218.67
AS4,Babble,219.57
AS4,Babble,221.89
AS4,Babble,251.45
AS4,Babble,230.02
AS4,Babble,225.25
AS4,Babble,219.14
AS4,Babble,225.9
AS4,Babble,200.2
AS4,Babble,224.28
AS4,Babble,233.71
AS4,Babble,235.23
AS4,Babble,224.9
AS4,Babble,208.97
AS4,Babble,231.82
AS4,Babble,227.72
AS4,Babble,210.65
AS4,Babble,199.56
AS4,Babble,201.56
AS4,Babble,213.6
AS4,Babble,222.08
AS4,Babble,219.9
AS4,Babble,215.68
AS4,Babble,213.48
AS4,Babble,227.47
AS4,Babble,217.54
AS4,Babble,215.58
AS4,Babble,208.65
AS4,Babble,206.6
AS4,Babble,225.62
AS4,Babble,211.01
AS4,Babble,214.7
AS4,Babble,218.16
AS4,Babble,201.84
AS4,Babble,229.23
AS4,Babble,245.2
AS4,Babble,221.17
AS4,Babble,216.21
AS4,Babble,221.5
AS4,Babble,197.18
AS4,Babble,222.34
AS4,Babble,215.56
AS4,Babble,233.78
AS4,Babble,234.8
AS4,Babble,233.94
AS4,Babble,202.78
AS4,Babble,232.46
AS4,Babble,209.07
AS4,Babble,199.58
AS4,Babble,201.6
AS4,Babble,226.68
AS4,Babble,223.05
AS4,Babble,213.58
AS4,Babble,206.53
AS4,Babble,207.6
AS4,Babble,224.76
AS4,Babble,197.15
AS4,Babble,237.2
AS4,Babble,228.52
AS4,Babble,199.57
AS4,Babble,187.68
AS4,Babble,221.06
AS4,Babble,229.96
AS4,Babble,203.75
AS4,Babble,220.25
AS4,Babble,249.99
AS4,Babble,230.89
AS4,Babble,233.08
AS4,Babble,231.44
AS4,Babble,206.3
AS4,Babble,228.68
AS4,Babble,234.47
AS4,Babble,226.58
AS4,Babble,224.03
AS4,Babble,233.17
AS4,Babble,229.3
AS4,Babble,218.53
AS4,Babble,214.72
AS4,Babble,216.18
AS4,Babble,192.15
AS4,Babble,216.23
AS4,Babble,219.28
AS4,Babble,234.0
AS4,Babble,205.52
AS4,Babble,166.27
AS4,Babble,232.75
AS4,Babble,205.67
AS4,Babble,195.62
AS4,Babble,216.05
AS4,Babble,189.29
AS4,Babble,231.22
AS4,Babble,229.97
AS4,Babble,219.25
AS4,Babble,213.43
AS4,Babble,218.1
AS4,Babble,207.44
AS4,Babble,228.74
AS4,Babble,250.42
AS4,Babble,214.5
AS4,Babble,236.91
AS4,Babble,203.66
AS4,Babble,235.3
AS4,Babble,234.79
AS4,Babble,223.45
AS4,Babble,202.83
AS4,Babble,241.21
AS4,Babble,227.02
AS4,Babble,230.33
AS4,Babble,218.55
AS4,Babble,220.46
AS4,Babble,219.42
AS5,Babble,133.72
AS5,Babble,156.9
AS5,Babble,144.88
AS5,Babble,131.26
AS5,Babble,152.27
AS5,Babble,142.97
AS5,Babble,137.71
AS5,Babble,130.03
AS5,Babble,160.17
AS5,Babble,145.36
AS5,Babble,136.96
AS5,Babble,147.46
AS5,Babble,144.76
AS5,Babble,137.61
AS5,Babble,140.49
AS5,Babble,138.2
AS5,Babble,135.5
AS5,Babble,146.99
AS5,Babble,128.37
AS5,Babble,142.74
AS5,Babble,134.7
AS5,Babble,123.98
AS5,Babble,121.6
AS5,Babble,136.55
AS5,Babble,149.98
AS5,Babble,150.7
AS5,Babble,149.6
AS5,Babble,120.76
AS5,Babble,144.49
AS5,Babble,148.24
AS5,Babble,142.82
AS5,Babble,150.08
AS5,Babble,136.04
AS5,Babble,129.68
AS5,Babble,141.87
AS5,Babble,137.34
AS5,Babble,132.82
AS5,Babble,133.86
AS5,Babble,148.38
AS5,Babble,127.58
AS5,Babble,143.83
AS5,Babble,162.78
AS5,Babble,145.41
AS5,Babble,130.71
AS5,Babble,140.75
AS5,Babble,140.93
AS5,Babble,133.18
AS5,Babble,140.14
AS5,Babble,142.73
AS5,Babble,131.7
AS5,Babble,120.25
AS5,Babble,133.26
AS5,Babble,143.8
AS5,Babble,134.59
AS5,Babble,150.98
AS5,Babble,149.6
AS5,Babble,150.37
AS5,Babble,149.03
AS5,Babble,129.12
AS5,Babble,138.63
AS5,Babble,143.19
AS5,Babble,132.76
AS5,Babble,124.26
AS5,Babble,129.98
AS5,Babble,139.68
AS5,Babble,152.44
AS5,Babble,131.72
AS5,Babble,138.65
AS5,Babble,141.66
AS5,Babble,119.18
AS5,Babble,133.57
AS5,Babble,138.18
AS5,Babble,134.52
AS5,Babble,127.05
AS5,Babble,153.86
AS5,Babble,131.13
AS5,Babble,130.64
AS5,Babble,131.99
AS5,Babble,129.49
AS5,Babble,151.64
AS5,Babble,144.27
AS5,Babble,140.6
AS5,Babble,146.6
AS5,Babble,134.81
AS5,Babble,129.01
AS5,Babble,123.83
AS5,Babble,156.6
AS5,Babble,126.99
AS5,Babble,124.29
AS5,Babble,130.74
AS5,Babble,136.27
AS5,Babble,150.42
AS5,Babble,137.5
AS5,Babble,137.56
AS5,Babble,145.82
AS5,Babble,132.32
AS5,Babble,127.44
AS5,Babble,121.82
AS5,Babble,145.58
AS5,Babble,139.6
AS5,Babble,133.56
AS5,Babble,142.67
AS5,Babble,132.39
AS5,Babble,139.24
AS5,Babble,136.91
AS5,Babble,140.7
AS5,Babble,131.71
AS5,Babble,129.55
AS5,Babble,141.61
AS5,Babble,156.16
AS5,Babble,142.19
AS5,Babble,157.23
AS5,Babble,125.42
AS5,Babble,134.87
AS5,Babble,127.82
AS5,Babble,128.64
AS5,Babble,118.99
AS5,Babble,146.38
AS5,Babble,147.05
AS5,Babble,143.85
AS5,Babble,129.69
AS5,Babble,150.29
AS5,Babble,131.62
AS5,Babble,129.35
AS5,Babble,137.37
AS5,Babble,125.13
AS5,Babble,128.53
AS5,Babble,144.89
AS5,Babble,139.35
AS5,Babble,144.99
AS5,Babble,142.22
AS5,Babble,136.61
AS5,Babble,136.58
AS5,Babble,152.83
AS5,Babble,143.04
AS5,Babble,155.36
AS5,Babble,155.24
AS5,Babble,158.98
AS5,Babble,126.68
AS5,Babble,143.68
AS5,Babble,136.93
AS5,Babble,147.5
AS5,Babble,137.68
AS5,Babble,139.46
AS5,Babble,147.51
AS5,Babble,135.95
AS5,Babble,141.43
AS5,Babble,141.47
AS5,Babble,117.9
AS5,Babble,158.79
AS5,Babble,145.57
AS5,Babble,134.33
AS5,Babble,148.2
AS5,Babble,142.38
AS5,Babble,117.13
AS5,Babble,147.15
AS5,Babble,134.91
AS5,Babble,128.47
AS5,Babble,151.32
AS5,Babble,153.01
AS5,Babble,135.99
AS5,Babble,129.68
AS5,Babble,138.91
AS5,Babble,140.24
AS5,Babble,140.08
AS5,Babble,139.57
AS5,Babble,141.05
AS5,Babble,122.4
AS5,Babble,128.57
AS5,Babble,162.55
AS5,Babble,142.94
AS5,Babble,125.9
AS5,Babble,137.16
AS5,Babble,128.77
AS5,Babble,121.23
AS5,Babble,126.25
AS5,Babble,131.73
AS5,Babble,137.35
AS5,Babble,154.27
AS6,Babble,262.18
AS6,Babble,255.72
AS6,Babble,283.61
AS6,Babble,270.22
AS6,Babble,305.55
AS6,Babble,269.25
AS6,Babble,268.44
AS6,Babble,255.54
AS6,Babble,269.08
AS6,Babble,273.97
AS6,Babble,311.82
AS6,Babble,291.63
AS6,Babble,278.92
AS6,Babble,269.68
AS6,Babble,261.38
AS6,Babble,279.94
AS6,Babble,286.6
AS6,Babble,280.21
AS6,Babble,268.36
AS6,Babble,302.59
AS6,Babble,261.59
AS6,Babble,265.17
AS6,Babble,250.28
AS6,Babble,274.08
AS6,Babble,275.45
AS6,Babble,278.77
AS6,Babble,260.49
AS6,Babble,248.63
AS6,Babble,286.1
AS6,Babble,285.68
AS6,Babble,263.41
AS6,Babble,266.9
AS6,Babble,263.08
AS6,Babble,268.54
AS6,Babble,239.19
AS6,Babble,260.54
AS6,Babble,257.45
AS6,Babble,266.03
AS6,Babble,279.64
AS6,Babble,257.1
AS6,Babble,253.41
AS6,Babble,286.26
AS6,Babble,265.47
AS6,Babble,271.57
AS6,Babble,278.24
AS6,Babble,270.11
AS6,Babble,255.46
AS6,Babble,252.24
AS6,Babble,255.34
AS6,Babble,276.0
AS6,Babble,265.54
AS6,Babble,272.03
AS6,Babble,263.45
AS6,Babble,292.47
AS6,Babble,277.26
AS6,Babble,260.91
AS6,Babble,329.46
AS6,Babble,282.2
AS6,Babble,310.22
AS6,Babble,268.7
AS6,Babble,268.24
AS6,Babble,304.21
AS6,Babble,266.66
AS6,Babble,274.1
AS6,Babble,272.44
AS6,Babble,296.92
AS6,Babble,297.41
AS6,Babble,270.13
AS6,Babble,274.72
AS6,Babble,272.4
AS6,Babble,281.03
AS6,Babble,255.5
AS6,Babble,271.61
AS6,Babble,260.53
AS6,Babble,255.48
AS6,Babble,252.64
AS6,Babble,282.2
AS6,Babble,282.19
AS6,Babble,276.61
AS6,Babble,263.45
AS6,Babble,273.65
AS6,Babble,253.45
AS6,Babble,273.73
AS6,Babble,269.7
AS6,Babble,251.29
AS6,Babble,286.72
AS6,Babble,268.79
AS6,Babble,267.23
AS6,Babble,271.7
AS6,Babble,266.24
AS6,Babble,270.68
AS6,Babble,257.36
AS6,Babble,267.22
AS6,Babble,259.94
AS6,Babble,276.87
AS6,Babble,297.68
AS6,Babble,286.77
AS6,Babble,256.08
AS6,Babble,272.95
AS6,Babble,287.67
AS6,Babble,262.92
AS6,Babble,259.05
AS6,Babble,261.96
AS6,Babble,257.92
AS6,Babble,258.23
AS6,Babble,269.22
AS6,Babble,246.33
AS6,Babble,284.59
AS6,Babble,253.22
AS6,Babble,257.18
AS6,Babble,280.54
AS6,Babble,259.96
AS6,Babble,276.64
AS6,Babble,280.6
AS6,Babble,271.71
AS6,Babble,256.17
AS6,Babble,265.24
AS6,Babble,248.16
AS6,Babble,259.92
AS6,Babble,266.5
AS6,Babble,275.34
AS6,Babble,280.42
AS6,Babble,276.81
AS6,Babble,290.13
AS6,Babble,257.64
AS6,Babble,267.47
AS6,Babble,242.13
AS6,Babble,262.89
AS6,Babble,252.83
AS6,Babble,258.61
AS6,Babble,267.96
AS6,Babble,295.0
AS6,Babble,258.24
AS6,Babble,266.79
AS6,Babble,264.33
AS6,Babble,251.88
AS6,Babble,308.9
AS6,Babble,265.27
AS6,Babble,247.02
AS6,Babble,264.87
AS6,Babble,264.73
AS6,Babble,284.0
AS6,Babble,272.61
AS6,Babble,265.32
AS6,Babble,243.46
AS6,Babble,269.77
AS6,Babble,279.13
AS6,Babble,258.87
AS6,Babble,262.66
AS6,Babble,255.38
AS6,Babble,258.35
AS6,Babble,259.94
AS6,Babble,276.26
AS6,Babble,259.26
AS6,Babble,306.8
AS6,Babble,253.69
AS6,Babble,257.43
AS6,Babble,273.54
AS6,Babble,263.94
AS6,Babble,267.95
AS6,Babble,249.86
AS6,Babble,258.63
AS6,Babble,261.03
AS6,Babble,267.48
AS6,Babble,277.2
AS6,Babble,288.17
AS6,Babble,267.9
AS6,Babble,256.14
AS6,Babble,280.92
AS6,Babble,244.2
AS6,Babble,257.93
AS6,Babble,274.5
AS6,Babble,300.06
AS6,Babble,278.91
AS6,Babble,255.44
AS6,Babble,270.87
AS6,Babble,257.21
AS6,Babble,237.25
AS6,Babble,267.74
AS6,Babble,254.28
AS6,Babble,256.03
AS6,Babble,281.73
AS6,Babble,256.08
AS6,Babble,258.32
AS6,Babble,277.05
AS6,Babble,284.94
AS6,Babble,259.31
AS6,Babble,270.56
AS6,Babble,268.26
AS6,Babble,255.71
AS6,Babble,251.76
AS6,Babble,267.78
AS6,Babble,265.81
AS6,Babble,273.33
AS6,Babble,279.63
AS6,Babble,282.49
AS6,Babble,269.27
AS6,Babble,268.65
AS6,Babble,288.4
AS6,Babble,252.1
AS6,Babble,285.95
AS6,Babble,276.02
AS6,Babble,295.08
AS6,Babble,280.64
AS6,Babble,254.96
AS6,Babble,276.13
AS6,Babble,248.14
AS6,Babble,269.1
AS6,Babble,256.26
AS6,Babble,290.83
